<?xml version="1.0" encoding="UTF-8"?>
<project-private xmlns="http://www.netbeans.org/ns/project-private/1">
    <data xmlns="http://www.netbeans.org/ns/make-project-private/1">
        <activeConfTypeElem>1</activeConfTypeElem>
        <activeConfIndexElem>0</activeConfIndexElem>
    </data>
    <editor-bookmarks xmlns="http://www.netbeans.org/ns/editor-bookmarks/2" lastBookmarkId="0"/>
    <open-files xmlns="http://www.netbeans.org/ns/projectui-open-files/2">
        <group name="teoria">
            <file>file:/home/algarcia/personal/docencia/repositoriosOOP/repositorioPracticas/practicas_material_alumnos/P_4_Material/main.cpp</file>
        </group>
        <group>
            <file>file:/D:/_demiras/doc/_POO/practicas/practicas_material_alumnos-master/P_4_Material/main.cpp</file>
            <file>file:/D:/_demiras/doc/_POO/practicas/practicas_material_alumnos-master/P_4_Material/Garito.h</file>
            <file>file:/D:/_demiras/doc/_POO/practicas/practicas_material_alumnos-master/P_4_Material/Temazo.cpp</file>
            <file>file:/D:/_demiras/doc/_POO/practicas/practicas_material_alumnos-master/P_4_Material/Fecha.h</file>
            <file>file:/D:/_demiras/doc/_POO/practicas/practicas_material_alumnos-master/P_4_Material/Garito.cpp</file>
            <file>file:/D:/_demiras/doc/_POO/practicas/practicas_material_alumnos-master/P_4_Material/djutils.cpp</file>
            <file>file:/D:/_demiras/doc/_POO/practicas/practicas_material_alumnos-master/P_4_Material/djutils.h</file>
            <file>file:/D:/_demiras/doc/_POO/practicas/practicas_material_alumnos-master/P_4_Material/Temazo.h</file>
            <file>file:/D:/_demiras/doc/_POO/practicas/practicas_material_alumnos-master/P_4_Material/Fecha.cpp</file>
        </group>
    </open-files>
</project-private>
